run_id,geometry,family,n_atoms,device_profile,replicate,omega_mhz,delta_initial_mhz,delta_target_mhz,delta_over_omega,sweep_ns,hold_ns,fall_ns,sweep_rate_mhz_per_us,blockade_ratio,method,samples,unique_basins,shannon_entropy_nats,normalized_entropy,collision_probability_p_q1,effective_basin_count,top_basin_mass,best_energy_mhz,mean_energy_mhz,energy_std_mhz,mean_replica_overlap,mean_pairwise_hamming,negative_overlap_mass,low_energy_threshold_mhz,low_energy_mass,unique_low_energy_basins,reference_minima,reference_basin_coverage,effective_basin_count_ci_lower,effective_basin_count_ci_upper,normalized_entropy_ci_lower,normalized_entropy_ci_upper,mean_energy_mhz_ci_lower,mean_energy_mhz_ci_upper,mean_pairwise_hamming_ci_lower,mean_pairwise_hamming_ci_upper,low_energy_mass_ci_lower,low_energy_mass_ci_upper,wall_seconds,generation_energy_evaluations,descent_flip_cost_evaluations
g00_p000_r00,jittered_kagome_n12_seed19,bond_disordered_kagome,12,ruby_proxy,0,2.0,-6.0,1.5,0.75,200,0,300,37.5,1.104500186288899,quantum,500.0,29,2.748090464568978,0.8161119792614172,0.08817600000000002,11.340954454726907,0.164,-7.268416771394149,-6.650933201468063,0.6286012141469455,0.29192266666666666,4.248464,0.18158400000000002,-7.018416771394149,0.502,6,31,0.9354838709677419,10.030462973462136,12.443352728640036,0.796829788025335,0.8446700987330057,-6.711980731025911,-6.591083325540091,4.090377800000001,4.374943399999999,0.46,0.5480999999999999,0.2968825040006777,,7572
g00_p000_r00,jittered_kagome_n12_seed19,bond_disordered_kagome,12,ruby_proxy,0,2.0,-6.0,1.5,0.75,200,0,300,37.5,1.104500186288899,uniform_random,500.0,31,3.134736010738973,0.9128560545143208,0.052216000000000005,19.151218017465908,0.092,-7.268416771394149,-6.429016699163185,0.630506611403116,0.1874573333333333,4.875256,0.27086400000000005,-7.018416771394149,0.334,6,31,1.0,16.962780336036925,19.850880236853964,0.8899388550149469,0.9264427889901374,-6.481299602343314,-6.373040483693321,4.7657114,4.9630394,0.29185,0.37005,0.007092777999787359,0,24384
g00_p000_r00,jittered_kagome_n12_seed19,bond_disordered_kagome,12,ruby_proxy,0,2.0,-6.0,1.5,0.75,200,0,300,37.5,1.104500186288899,simulated_annealing,500.0,27,2.5092185009676964,0.761329702586196,0.11200800000000001,8.92793371902007,0.164,-7.268416771394149,-6.914189872298234,0.47328515544094335,0.30722666666666665,4.15664,0.17911999999999995,-7.018416771394149,0.654,6,31,0.8709677419354839,8.121512796319593,9.666785925602118,0.7365672929308275,0.7941139284871571,-6.955252955956982,-6.866756771309821,3.9946094000000008,4.314274600000001,0.6198,0.702,3.1850533750002796,360000,540
g00_p000_r00,jittered_kagome_n12_seed19,bond_disordered_kagome,12,ruby_proxy,0,2.0,-6.0,1.5,0.75,200,0,300,37.5,1.104500186288899,parallel_tempering,500.0,10,1.691354813990251,0.7345460626564668,0.26304800000000006,3.801587542957938,0.454,-7.268416771394149,-7.176025213106007,0.100940982865877,0.611856,2.3288640000000003,0.009568,-7.018416771394149,0.9460000000000001,6,31,0.3225806451612903,3.374498328055784,4.347549883714826,0.6977654764469459,0.7709734027065465,-7.18384663930231,-7.165444996748724,2.1676456,2.5164944000000005,0.928,0.964,2.886143075000291,312010,216
g00_p000_r01,jittered_kagome_n12_seed19,bond_disordered_kagome,12,ruby_proxy,1,2.0,-6.0,1.5,0.75,200,0,300,37.5,1.104500186288899,quantum,500.0,25,2.7177111056178487,0.8443044259804982,0.08732,11.452130096197893,0.166,-7.268416771394149,-6.59928084059356,0.633805530967933,0.28971066666666667,4.261736,0.184504,-7.018416771394149,0.458,6,31,0.8064516129032258,10.18701391421039,12.46488350051358,0.8238101913718175,0.8722210537367671,-6.642298759230265,-6.543577971091418,4.115822199999999,4.3670234,0.41595,0.49605,0.2510752620000858,,6924
g00_p000_r01,jittered_kagome_n12_seed19,bond_disordered_kagome,12,ruby_proxy,1,2.0,-6.0,1.5,0.75,200,0,300,37.5,1.104500186288899,uniform_random,500.0,31,3.1698193327359934,0.9230725521038279,0.050952,19.62631496310253,0.1,-7.268416771394149,-6.460252297333855,0.6376530303127496,0.194596,4.832424,0.258272,-7.018416771394149,0.37,6,31,1.0,17.171043437468466,21.012023094080448,0.8990438094899645,0.9378045616244141,-6.516043664306346,-6.39259606671465,4.7200692,4.925804800000001,0.32195,0.4101000000000001,0.006214000999534619,0,24276
g00_p000_r01,jittered_kagome_n12_seed19,bond_disordered_kagome,12,ruby_proxy,1,2.0,-6.0,1.5,0.75,200,0,300,37.5,1.104500186288899,simulated_annealing,500.0,29,2.5796740957921145,0.766096662140456,0.110256,9.069801189957916,0.192,-7.268416771394149,-6.885882291417811,0.5081681173195502,0.29521200000000003,4.228728,0.19843999999999998,-7.018416771394149,0.65,6,31,0.9354838709677419,8.123532254717201,9.796636902156143,0.7432768445027652,0.7959490730530576,-6.923309995339153,-6.838680783631241,4.0543038,4.395965200000001,0.61185,0.68805,3.6053729560007923,360000,516
g00_p000_r01,jittered_kagome_n12_seed19,bond_disordered_kagome,12,ruby_proxy,1,2.0,-6.0,1.5,0.75,200,0,300,37.5,1.104500186288899,parallel_tempering,500.0,10,1.6480728511298357,0.715748945020247,0.265536,3.7659677030609786,0.45,-7.268416771394149,-7.179963573490277,0.0939393752065944,0.6289493333333332,2.2263040000000007,0.006864,-7.018416771394149,0.962,6,31,0.3225806451612903,3.3503817159291565,4.239299432620408,0.6789667684741587,0.758727801779257,-7.188293550978051,-7.170970821385092,2.0581908,2.4095668,0.94395,0.978,3.3540980859997944,312010,240
g00_p001_r00,jittered_kagome_n12_seed19,bond_disordered_kagome,12,ruby_proxy,0,2.0,-6.0,1.5,0.75,200,300,300,37.5,1.104500186288899,quantum,500.0,30,2.9360410613134635,0.8632374813480036,0.07194400000000001,13.899699766485043,0.148,-7.268416771394149,-6.67362940985278,0.6137930952119935,0.24108400000000002,4.553495999999999,0.221984,-7.018416771394149,0.524,6,31,0.967741935483871,11.94666068022844,15.182856248458927,0.8385258116738793,0.8859204296851358,-6.734277358740108,-6.619421439813826,4.388369599999999,4.6840464,0.48195,0.5721,0.5686186679995444,,6648
g00_p001_r00,jittered_kagome_n12_seed19,bond_disordered_kagome,12,ruby_proxy,0,2.0,-6.0,1.5,0.75,200,300,300,37.5,1.104500186288899,uniform_random,500.0,31,3.134736010738973,0.9128560545143208,0.052216000000000005,19.151218017465908,0.092,-7.268416771394149,-6.429016699163185,0.630506611403116,0.1874573333333333,4.875256,0.27086400000000005,-7.018416771394149,0.334,6,31,1.0,16.962780336036925,19.850880236853964,0.8899388550149469,0.9264427889901374,-6.481299602343314,-6.373040483693321,4.7657114,4.9630394,0.29185,0.37005,0.007092777999787359,0,24384
g00_p001_r00,jittered_kagome_n12_seed19,bond_disordered_kagome,12,ruby_proxy,0,2.0,-6.0,1.5,0.75,200,300,300,37.5,1.104500186288899,simulated_annealing,500.0,27,2.5092185009676964,0.761329702586196,0.11200800000000001,8.92793371902007,0.164,-7.268416771394149,-6.914189872298234,0.47328515544094335,0.30722666666666665,4.15664,0.17911999999999995,-7.018416771394149,0.654,6,31,0.8709677419354839,8.121512796319593,9.666785925602118,0.7365672929308275,0.7941139284871571,-6.955252955956982,-6.866756771309821,3.9946094000000008,4.314274600000001,0.6198,0.702,3.1850533750002796,360000,540
g00_p001_r00,jittered_kagome_n12_seed19,bond_disordered_kagome,12,ruby_proxy,0,2.0,-6.0,1.5,0.75,200,300,300,37.5,1.104500186288899,parallel_tempering,500.0,10,1.691354813990251,0.7345460626564668,0.26304800000000006,3.801587542957938,0.454,-7.268416771394149,-7.176025213106007,0.100940982865877,0.611856,2.3288640000000003,0.009568,-7.018416771394149,0.9460000000000001,6,31,0.3225806451612903,3.374498328055784,4.347549883714826,0.6977654764469459,0.7709734027065465,-7.18384663930231,-7.165444996748724,2.1676456,2.5164944000000005,0.928,0.964,2.886143075000291,312010,216
g00_p001_r01,jittered_kagome_n12_seed19,bond_disordered_kagome,12,ruby_proxy,1,2.0,-6.0,1.5,0.75,200,300,300,37.5,1.104500186288899,quantum,500.0,30,2.9396318960196846,0.8642932373960299,0.07107200000000002,14.07023863124718,0.14,-7.268416771394149,-6.661285643230336,0.6209304865072119,0.24266,4.54404,0.22796000000000002,-7.018416771394149,0.516,6,31,0.967741935483871,12.201196448675658,15.284636852031857,0.8423418424409571,0.8880481951788627,-6.714179631302571,-6.60240574970554,4.3848694,4.6657436,0.47195,0.564,0.5637671679996856,,6252
g00_p001_r01,jittered_kagome_n12_seed19,bond_disordered_kagome,12,ruby_proxy,1,2.0,-6.0,1.5,0.75,200,300,300,37.5,1.104500186288899,uniform_random,500.0,31,3.1698193327359934,0.9230725521038279,0.050952,19.62631496310253,0.1,-7.268416771394149,-6.460252297333855,0.6376530303127496,0.194596,4.832424,0.258272,-7.018416771394149,0.37,6,31,1.0,17.171043437468466,21.012023094080448,0.8990438094899645,0.9378045616244141,-6.516043664306346,-6.39259606671465,4.7200692,4.925804800000001,0.32195,0.4101000000000001,0.006214000999534619,0,24276
g00_p001_r01,jittered_kagome_n12_seed19,bond_disordered_kagome,12,ruby_proxy,1,2.0,-6.0,1.5,0.75,200,300,300,37.5,1.104500186288899,simulated_annealing,500.0,29,2.5796740957921145,0.766096662140456,0.110256,9.069801189957916,0.192,-7.268416771394149,-6.885882291417811,0.5081681173195502,0.29521200000000003,4.228728,0.19843999999999998,-7.018416771394149,0.65,6,31,0.9354838709677419,8.123532254717201,9.796636902156143,0.7432768445027652,0.7959490730530576,-6.923309995339153,-6.838680783631241,4.0543038,4.395965200000001,0.61185,0.68805,3.6053729560007923,360000,516
g00_p001_r01,jittered_kagome_n12_seed19,bond_disordered_kagome,12,ruby_proxy,1,2.0,-6.0,1.5,0.75,200,300,300,37.5,1.104500186288899,parallel_tempering,500.0,10,1.6480728511298357,0.715748945020247,0.265536,3.7659677030609786,0.45,-7.268416771394149,-7.179963573490277,0.0939393752065944,0.6289493333333332,2.2263040000000007,0.006864,-7.018416771394149,0.962,6,31,0.3225806451612903,3.3503817159291565,4.239299432620408,0.6789667684741587,0.758727801779257,-7.188293550978051,-7.170970821385092,2.0581908,2.4095668,0.94395,0.978,3.3540980859997944,312010,240
g00_p002_r00,jittered_kagome_n12_seed19,bond_disordered_kagome,12,ruby_proxy,0,2.0,-6.0,1.5,0.75,900,0,300,8.333333333333334,1.104500186288899,quantum,500.0,28,2.559554039011276,0.7681263353420937,0.11376800000000001,8.78981787497363,0.202,-7.268416771394149,-6.89424052276071,0.49322730244268365,0.36978800000000006,3.781272,0.12895200000000004,-7.018416771394149,0.672,6,31,0.9032258064516129,7.750810520733892,9.773827826830313,0.7446374065855129,0.8092130490876341,-6.934356421735566,-6.848764059821193,3.6014209999999998,3.9434270000000002,0.628,0.71605,0.8432040750012675,,5268
g00_p002_r00,jittered_kagome_n12_seed19,bond_disordered_kagome,12,ruby_proxy,0,2.0,-6.0,1.5,0.75,900,0,300,8.333333333333334,1.104500186288899,uniform_random,500.0,31,3.134736010738973,0.9128560545143208,0.052216000000000005,19.151218017465908,0.092,-7.268416771394149,-6.429016699163185,0.630506611403116,0.1874573333333333,4.875256,0.27086400000000005,-7.018416771394149,0.334,6,31,1.0,16.962780336036925,19.850880236853964,0.8899388550149469,0.9264427889901374,-6.481299602343314,-6.373040483693321,4.7657114,4.9630394,0.29185,0.37005,0.007092777999787359,0,24384
g00_p002_r00,jittered_kagome_n12_seed19,bond_disordered_kagome,12,ruby_proxy,0,2.0,-6.0,1.5,0.75,900,0,300,8.333333333333334,1.104500186288899,simulated_annealing,500.0,27,2.5092185009676964,0.761329702586196,0.11200800000000001,8.92793371902007,0.164,-7.268416771394149,-6.914189872298234,0.47328515544094335,0.30722666666666665,4.15664,0.17911999999999995,-7.018416771394149,0.654,6,31,0.8709677419354839,8.121512796319593,9.666785925602118,0.7365672929308275,0.7941139284871571,-6.955252955956982,-6.866756771309821,3.9946094000000008,4.314274600000001,0.6198,0.702,3.1850533750002796,360000,540
g00_p002_r00,jittered_kagome_n12_seed19,bond_disordered_kagome,12,ruby_proxy,0,2.0,-6.0,1.5,0.75,900,0,300,8.333333333333334,1.104500186288899,parallel_tempering,500.0,10,1.691354813990251,0.7345460626564668,0.26304800000000006,3.801587542957938,0.454,-7.268416771394149,-7.176025213106007,0.100940982865877,0.611856,2.3288640000000003,0.009568,-7.018416771394149,0.9460000000000001,6,31,0.3225806451612903,3.374498328055784,4.347549883714826,0.6977654764469459,0.7709734027065465,-7.18384663930231,-7.165444996748724,2.1676456,2.5164944000000005,0.928,0.964,2.886143075000291,312010,216
g00_p002_r01,jittered_kagome_n12_seed19,bond_disordered_kagome,12,ruby_proxy,1,2.0,-6.0,1.5,0.75,900,0,300,8.333333333333334,1.104500186288899,quantum,500.0,28,2.586198445376856,0.7761223650828311,0.11233599999999999,8.901865831078196,0.208,-7.268416771394149,-6.881273883736441,0.5016509684449224,0.35260666666666673,3.8843599999999996,0.13936799999999996,-7.018416771394149,0.644,6,31,0.9032258064516129,7.895626510100299,9.887618258262421,0.7569059586576288,0.8110310767757629,-6.920293247210207,-6.840355770684086,3.7215738,4.059532600000001,0.608,0.6840999999999999,0.807027871000173,,5352
g00_p002_r01,jittered_kagome_n12_seed19,bond_disordered_kagome,12,ruby_proxy,1,2.0,-6.0,1.5,0.75,900,0,300,8.333333333333334,1.104500186288899,uniform_random,500.0,31,3.1698193327359934,0.9230725521038279,0.050952,19.62631496310253,0.1,-7.268416771394149,-6.460252297333855,0.6376530303127496,0.194596,4.832424,0.258272,-7.018416771394149,0.37,6,31,1.0,17.171043437468466,21.012023094080448,0.8990438094899645,0.9378045616244141,-6.516043664306346,-6.39259606671465,4.7200692,4.925804800000001,0.32195,0.4101000000000001,0.006214000999534619,0,24276
g00_p002_r01,jittered_kagome_n12_seed19,bond_disordered_kagome,12,ruby_proxy,1,2.0,-6.0,1.5,0.75,900,0,300,8.333333333333334,1.104500186288899,simulated_annealing,500.0,29,2.5796740957921145,0.766096662140456,0.110256,9.069801189957916,0.192,-7.268416771394149,-6.885882291417811,0.5081681173195502,0.29521200000000003,4.228728,0.19843999999999998,-7.018416771394149,0.65,6,31,0.9354838709677419,8.123532254717201,9.796636902156143,0.7432768445027652,0.7959490730530576,-6.923309995339153,-6.838680783631241,4.0543038,4.395965200000001,0.61185,0.68805,3.6053729560007923,360000,516
g00_p002_r01,jittered_kagome_n12_seed19,bond_disordered_kagome,12,ruby_proxy,1,2.0,-6.0,1.5,0.75,900,0,300,8.333333333333334,1.104500186288899,parallel_tempering,500.0,10,1.6480728511298357,0.715748945020247,0.265536,3.7659677030609786,0.45,-7.268416771394149,-7.179963573490277,0.0939393752065944,0.6289493333333332,2.2263040000000007,0.006864,-7.018416771394149,0.962,6,31,0.3225806451612903,3.3503817159291565,4.239299432620408,0.6789667684741587,0.758727801779257,-7.188293550978051,-7.170970821385092,2.0581908,2.4095668,0.94395,0.978,3.3540980859997944,312010,240
g00_p003_r00,jittered_kagome_n12_seed19,bond_disordered_kagome,12,ruby_proxy,0,2.0,-6.0,1.5,0.75,900,300,300,8.333333333333334,1.104500186288899,quantum,500.0,30,3.0036387998733147,0.8831121698692609,0.067608,14.79114897645249,0.142,-7.268416771394149,-6.691267588051456,0.6042881846685946,0.23944133333333334,4.563352,0.233568,-7.018416771394149,0.524,6,31,0.967741935483871,12.661761784984165,16.04346579102842,0.8549216295523598,0.8992992228670755,-6.747125829380367,-6.644344103960871,4.3812026,4.6873036,0.4859,0.5701,0.9619595290005236,,6060
g00_p003_r00,jittered_kagome_n12_seed19,bond_disordered_kagome,12,ruby_proxy,0,2.0,-6.0,1.5,0.75,900,300,300,8.333333333333334,1.104500186288899,uniform_random,500.0,31,3.134736010738973,0.9128560545143208,0.052216000000000005,19.151218017465908,0.092,-7.268416771394149,-6.429016699163185,0.630506611403116,0.1874573333333333,4.875256,0.27086400000000005,-7.018416771394149,0.334,6,31,1.0,16.962780336036925,19.850880236853964,0.8899388550149469,0.9264427889901374,-6.481299602343314,-6.373040483693321,4.7657114,4.9630394,0.29185,0.37005,0.007092777999787359,0,24384
g00_p003_r00,jittered_kagome_n12_seed19,bond_disordered_kagome,12,ruby_proxy,0,2.0,-6.0,1.5,0.75,900,300,300,8.333333333333334,1.104500186288899,simulated_annealing,500.0,27,2.5092185009676964,0.761329702586196,0.11200800000000001,8.92793371902007,0.164,-7.268416771394149,-6.914189872298234,0.47328515544094335,0.30722666666666665,4.15664,0.17911999999999995,-7.018416771394149,0.654,6,31,0.8709677419354839,8.121512796319593,9.666785925602118,0.7365672929308275,0.7941139284871571,-6.955252955956982,-6.866756771309821,3.9946094000000008,4.314274600000001,0.6198,0.702,3.1850533750002796,360000,540
g00_p003_r00,jittered_kagome_n12_seed19,bond_disordered_kagome,12,ruby_proxy,0,2.0,-6.0,1.5,0.75,900,300,300,8.333333333333334,1.104500186288899,parallel_tempering,500.0,10,1.691354813990251,0.7345460626564668,0.26304800000000006,3.801587542957938,0.454,-7.268416771394149,-7.176025213106007,0.100940982865877,0.611856,2.3288640000000003,0.009568,-7.018416771394149,0.9460000000000001,6,31,0.3225806451612903,3.374498328055784,4.347549883714826,0.6977654764469459,0.7709734027065465,-7.18384663930231,-7.165444996748724,2.1676456,2.5164944000000005,0.928,0.964,2.886143075000291,312010,216
g00_p003_r01,jittered_kagome_n12_seed19,bond_disordered_kagome,12,ruby_proxy,1,2.0,-6.0,1.5,0.75,900,300,300,8.333333333333334,1.104500186288899,quantum,500.0,31,3.053455440980811,0.8891866099537817,0.062672,15.956088843502679,0.148,-7.268416771394149,-6.687858605118625,0.5966842931817906,0.22061866666666666,4.6762880000000004,0.24141600000000005,-7.018416771394149,0.478,6,31,1.0,14.170128318566702,17.44537781679859,0.8647910619134737,0.9070629239265733,-6.735080259295785,-6.63611244775746,4.521184,4.7853444000000005,0.432,0.51815,0.9313493400004518,,6144
g00_p003_r01,jittered_kagome_n12_seed19,bond_disordered_kagome,12,ruby_proxy,1,2.0,-6.0,1.5,0.75,900,300,300,8.333333333333334,1.104500186288899,uniform_random,500.0,31,3.1698193327359934,0.9230725521038279,0.050952,19.62631496310253,0.1,-7.268416771394149,-6.460252297333855,0.6376530303127496,0.194596,4.832424,0.258272,-7.018416771394149,0.37,6,31,1.0,17.171043437468466,21.012023094080448,0.8990438094899645,0.9378045616244141,-6.516043664306346,-6.39259606671465,4.7200692,4.925804800000001,0.32195,0.4101000000000001,0.006214000999534619,0,24276
g00_p003_r01,jittered_kagome_n12_seed19,bond_disordered_kagome,12,ruby_proxy,1,2.0,-6.0,1.5,0.75,900,300,300,8.333333333333334,1.104500186288899,simulated_annealing,500.0,29,2.5796740957921145,0.766096662140456,0.110256,9.069801189957916,0.192,-7.268416771394149,-6.885882291417811,0.5081681173195502,0.29521200000000003,4.228728,0.19843999999999998,-7.018416771394149,0.65,6,31,0.9354838709677419,8.123532254717201,9.796636902156143,0.7432768445027652,0.7959490730530576,-6.923309995339153,-6.838680783631241,4.0543038,4.395965200000001,0.61185,0.68805,3.6053729560007923,360000,516
g00_p003_r01,jittered_kagome_n12_seed19,bond_disordered_kagome,12,ruby_proxy,1,2.0,-6.0,1.5,0.75,900,300,300,8.333333333333334,1.104500186288899,parallel_tempering,500.0,10,1.6480728511298357,0.715748945020247,0.265536,3.7659677030609786,0.45,-7.268416771394149,-7.179963573490277,0.0939393752065944,0.6289493333333332,2.2263040000000007,0.006864,-7.018416771394149,0.962,6,31,0.3225806451612903,3.3503817159291565,4.239299432620408,0.6789667684741587,0.758727801779257,-7.188293550978051,-7.170970821385092,2.0581908,2.4095668,0.94395,0.978,3.3540980859997944,312010,240
g00_p004_r00,jittered_kagome_n12_seed19,bond_disordered_kagome,12,ruby_proxy,0,2.0,-6.0,3.0,1.5,200,0,300,45.0,1.104500186288899,quantum,500.0,12,1.6979698645112307,0.6833133408275489,0.251752,3.972163081127459,0.376,-16.665190359757165,-15.789162421867331,0.9406217932147976,0.48184000000000005,3.1089599999999997,0.08780800000000001,-16.415190359757165,0.376,1,16,0.75,3.634209390748184,4.328445292952262,0.6526570708480152,0.7405684195693727,-15.865803948977694,-15.709814420498429,2.9185168,3.3206058,0.332,0.42,0.4187976030007121,,13284
g00_p004_r00,jittered_kagome_n12_seed19,bond_disordered_kagome,12,ruby_proxy,0,2.0,-6.0,3.0,1.5,200,0,300,45.0,1.104500186288899,uniform_random,500.0,15,2.2144367925088835,0.8177236860703617,0.140264,7.129413106713056,0.224,-16.665190359757165,-15.128507927212594,1.1689086042069148,0.255644,4.4661360000000005,0.236592,-16.415190359757165,0.186,1,16,0.9375,6.452774493407745,7.647762554551013,0.788721010542502,0.8463262017117127,-15.219321035417877,-15.038991031517972,4.2660912,4.6306336,0.15195,0.22610000000000002,0.009854674999587587,0,29316
g00_p004_r00,jittered_kagome_n12_seed19,bond_disordered_kagome,12,ruby_proxy,0,2.0,-6.0,3.0,1.5,200,0,300,45.0,1.104500186288899,simulated_annealing,500.0,9,0.9794842745788928,0.44578250429292005,0.528144,1.8934230058468904,0.7,-16.665190359757165,-16.3247320820265,0.6396831571834852,0.724024,1.655856,0.03804,-16.415190359757165,0.7,1,16,0.5625,1.7336991322858777,2.0730183863723117,0.42110767432198304,0.5301115529761229,-16.377021571402683,-16.268658327639915,1.4260670000000002,1.9079025999999997,0.658,0.74005,4.548021070999312,360000,192
g00_p004_r00,jittered_kagome_n12_seed19,bond_disordered_kagome,12,ruby_proxy,0,2.0,-6.0,3.0,1.5,200,0,300,45.0,1.104500186288899,parallel_tempering,500.0,3,0.02885042170563743,0.026260785541197536,0.992024,1.008040128061418,0.996,-16.665190359757165,-16.66175394477434,0.05556178701040127,0.996008,0.023951999999999973,0.0,-16.415190359757165,0.996,1,16,0.1875,1.0,1.0202499204205062,0.0,0.05734175004095581,-16.665190359757165,-16.656982315955634,0.0,0.05968799999999974,0.99,1.0,3.6188489720007055,312010,48
g00_p004_r01,jittered_kagome_n12_seed19,bond_disordered_kagome,12,ruby_proxy,1,2.0,-6.0,3.0,1.5,200,0,300,45.0,1.104500186288899,quantum,500.0,12,1.6653053600255014,0.670168177210028,0.25708000000000003,3.889839738602769,0.384,-16.665190359757165,-15.810608751420395,0.9346044143457385,0.4930813333333333,3.0415120000000004,0.08080799999999999,-16.415190359757165,0.384,1,16,0.75,3.5372662761129985,4.222176364538035,0.652098885423058,0.7332612973766763,-15.895065482342591,-15.727212960805211,2.8162944000000003,3.2471831999999994,0.344,0.42405,0.32489505000012286,,13008
g00_p004_r01,jittered_kagome_n12_seed19,bond_disordered_kagome,12,ruby_proxy,1,2.0,-6.0,3.0,1.5,200,0,300,45.0,1.104500186288899,uniform_random,500.0,16,2.1901745706787534,0.7899384979498381,0.14504,6.894649751792609,0.22,-16.665190359757165,-15.178682928932872,1.1858425833712498,0.28252000000000005,4.304879999999999,0.210296,-16.415190359757165,0.202,1,16,1.0,6.3066257277335005,7.414559995714887,0.7659575330962582,0.8276434016322042,-15.264032005714368,-15.086676088304548,4.120664199999999,4.4870730000000005,0.16990000000000002,0.23805,0.009377485999721102,0,30036
g00_p004_r01,jittered_kagome_n12_seed19,bond_disordered_kagome,12,ruby_proxy,1,2.0,-6.0,3.0,1.5,200,0,300,45.0,1.104500186288899,simulated_annealing,500.0,8,1.0386432418141838,0.49948181807271985,0.4919840000000001,2.032586425574815,0.668,-16.665190359757165,-16.30993333836576,0.6160018895365702,0.7034013333333333,1.779592,0.036703999999999994,-16.415190359757165,0.668,1,16,0.5,1.844022600212311,2.2639743460332578,0.4618917401660958,0.5699537412842822,-16.363316261948633,-16.24662312795414,1.5706494000000002,2.0253148,0.616,0.71205,4.005227845000263,360000,204
g00_p004_r01,jittered_kagome_n12_seed19,bond_disordered_kagome,12,ruby_proxy,1,2.0,-6.0,3.0,1.5,200,0,300,45.0,1.104500186288899,parallel_tempering,500.0,2,0.014427214862176116,0.020814071335501033,0.996008,1.0040079999357434,0.998,-16.665190359757165,-16.663855145921282,0.029826417783202545,0.998004,0.011975999999999987,0.0,-16.415190359757165,0.998,1,16,0.125,1.0,1.0120719947534187,0.0,0.05291508034484766,-16.665190359757165,-16.66118471824952,0.0,0.035783999999999816,0.994,1.0,3.6643361289989116,312010,48
g00_p005_r00,jittered_kagome_n12_seed19,bond_disordered_kagome,12,ruby_proxy,0,2.0,-6.0,3.0,1.5,200,300,300,45.0,1.104500186288899,quantum,500.0,16,2.12600078356862,0.7667926968451246,0.160744,6.221072015129647,0.252,-16.665190359757165,-15.286896667406083,1.235126433513761,0.3031093333333334,4.181343999999999,0.18881599999999998,-16.415190359757165,0.244,1,16,1.0,5.5539819874388145,6.846806845243691,0.7388400148275804,0.8041425445988228,-15.413550207099401,-15.178334247186903,3.940142,4.3981392,0.206,0.2882,0.4448905900007958,,14832
g00_p005_r00,jittered_kagome_n12_seed19,bond_disordered_kagome,12,ruby_proxy,0,2.0,-6.0,3.0,1.5,200,300,300,45.0,1.104500186288899,uniform_random,500.0,15,2.2144367925088835,0.8177236860703617,0.140264,7.129413106713056,0.224,-16.665190359757165,-15.128507927212594,1.1689086042069148,0.255644,4.4661360000000005,0.236592,-16.415190359757165,0.186,1,16,0.9375,6.452774493407745,7.647762554551013,0.788721010542502,0.8463262017117127,-15.219321035417877,-15.038991031517972,4.2660912,4.6306336,0.15195,0.22610000000000002,0.009854674999587587,0,29316
g00_p005_r00,jittered_kagome_n12_seed19,bond_disordered_kagome,12,ruby_proxy,0,2.0,-6.0,3.0,1.5,200,300,300,45.0,1.104500186288899,simulated_annealing,500.0,9,0.9794842745788928,0.44578250429292005,0.528144,1.8934230058468904,0.7,-16.665190359757165,-16.3247320820265,0.6396831571834852,0.724024,1.655856,0.03804,-16.415190359757165,0.7,1,16,0.5625,1.7336991322858777,2.0730183863723117,0.42110767432198304,0.5301115529761229,-16.377021571402683,-16.268658327639915,1.4260670000000002,1.9079025999999997,0.658,0.74005,4.548021070999312,360000,192
g00_p005_r00,jittered_kagome_n12_seed19,bond_disordered_kagome,12,ruby_proxy,0,2.0,-6.0,3.0,1.5,200,300,300,45.0,1.104500186288899,parallel_tempering,500.0,3,0.02885042170563743,0.026260785541197536,0.992024,1.008040128061418,0.996,-16.665190359757165,-16.66175394477434,0.05556178701040127,0.996008,0.023951999999999973,0.0,-16.415190359757165,0.996,1,16,0.1875,1.0,1.0202499204205062,0.0,0.05734175004095581,-16.665190359757165,-16.656982315955634,0.0,0.05968799999999974,0.99,1.0,3.6188489720007055,312010,48
g00_p005_r01,jittered_kagome_n12_seed19,bond_disordered_kagome,12,ruby_proxy,1,2.0,-6.0,3.0,1.5,200,300,300,45.0,1.104500186288899,quantum,500.0,15,2.0627920008476983,0.7617259089244787,0.17607200000000003,5.679494752146848,0.286,-16.665190359757165,-15.375390802098135,1.15608185723276,0.33668000000000003,3.9799199999999995,0.162032,-16.415190359757165,0.234,1,16,0.9375,5.064137344449311,6.066982161326001,0.7240782583358324,0.7838084390991287,-15.479582577397801,-15.277129023724568,3.7474032000000004,4.138824,0.198,0.27605,0.442671093998797,,14940
g00_p005_r01,jittered_kagome_n12_seed19,bond_disordered_kagome,12,ruby_proxy,1,2.0,-6.0,3.0,1.5,200,300,300,45.0,1.104500186288899,uniform_random,500.0,16,2.1901745706787534,0.7899384979498381,0.14504,6.894649751792609,0.22,-16.665190359757165,-15.178682928932872,1.1858425833712498,0.28252000000000005,4.304879999999999,0.210296,-16.415190359757165,0.202,1,16,1.0,6.3066257277335005,7.414559995714887,0.7659575330962582,0.8276434016322042,-15.264032005714368,-15.086676088304548,4.120664199999999,4.4870730000000005,0.16990000000000002,0.23805,0.009377485999721102,0,30036
g00_p005_r01,jittered_kagome_n12_seed19,bond_disordered_kagome,12,ruby_proxy,1,2.0,-6.0,3.0,1.5,200,300,300,45.0,1.104500186288899,simulated_annealing,500.0,8,1.0386432418141838,0.49948181807271985,0.4919840000000001,2.032586425574815,0.668,-16.665190359757165,-16.30993333836576,0.6160018895365702,0.7034013333333333,1.779592,0.036703999999999994,-16.415190359757165,0.668,1,16,0.5,1.844022600212311,2.2639743460332578,0.4618917401660958,0.5699537412842822,-16.363316261948633,-16.24662312795414,1.5706494000000002,2.0253148,0.616,0.71205,4.005227845000263,360000,204
g00_p005_r01,jittered_kagome_n12_seed19,bond_disordered_kagome,12,ruby_proxy,1,2.0,-6.0,3.0,1.5,200,300,300,45.0,1.104500186288899,parallel_tempering,500.0,2,0.014427214862176116,0.020814071335501033,0.996008,1.0040079999357434,0.998,-16.665190359757165,-16.663855145921282,0.029826417783202545,0.998004,0.011975999999999987,0.0,-16.415190359757165,0.998,1,16,0.125,1.0,1.0120719947534187,0.0,0.05291508034484766,-16.665190359757165,-16.66118471824952,0.0,0.035783999999999816,0.994,1.0,3.6643361289989116,312010,48
g00_p006_r00,jittered_kagome_n12_seed19,bond_disordered_kagome,12,ruby_proxy,0,2.0,-6.0,3.0,1.5,900,0,300,10.0,1.104500186288899,quantum,500.0,8,0.9511824860794889,0.4574220852157714,0.469464,2.130088782100438,0.598,-16.665190359757165,-16.307741566209256,0.5507034628445169,0.7183906666666667,1.6896559999999996,0.004560000000000001,-16.415190359757165,0.598,1,16,0.5,2.0085621051982696,2.259741397246567,0.44336021124640324,0.5748356024353243,-16.34716445902939,-16.26113148142162,1.5638274,1.8097810000000003,0.5599500000000001,0.63605,0.6316052889997081,,2556
g00_p006_r00,jittered_kagome_n12_seed19,bond_disordered_kagome,12,ruby_proxy,0,2.0,-6.0,3.0,1.5,900,0,300,10.0,1.104500186288899,uniform_random,500.0,15,2.2144367925088835,0.8177236860703617,0.140264,7.129413106713056,0.224,-16.665190359757165,-15.128507927212594,1.1689086042069148,0.255644,4.4661360000000005,0.236592,-16.415190359757165,0.186,1,16,0.9375,6.452774493407745,7.647762554551013,0.788721010542502,0.8463262017117127,-15.219321035417877,-15.038991031517972,4.2660912,4.6306336,0.15195,0.22610000000000002,0.009854674999587587,0,29316
g00_p006_r00,jittered_kagome_n12_seed19,bond_disordered_kagome,12,ruby_proxy,0,2.0,-6.0,3.0,1.5,900,0,300,10.0,1.104500186288899,simulated_annealing,500.0,9,0.9794842745788928,0.44578250429292005,0.528144,1.8934230058468904,0.7,-16.665190359757165,-16.3247320820265,0.6396831571834852,0.724024,1.655856,0.03804,-16.415190359757165,0.7,1,16,0.5625,1.7336991322858777,2.0730183863723117,0.42110767432198304,0.5301115529761229,-16.377021571402683,-16.268658327639915,1.4260670000000002,1.9079025999999997,0.658,0.74005,4.548021070999312,360000,192
g00_p006_r00,jittered_kagome_n12_seed19,bond_disordered_kagome,12,ruby_proxy,0,2.0,-6.0,3.0,1.5,900,0,300,10.0,1.104500186288899,parallel_tempering,500.0,3,0.02885042170563743,0.026260785541197536,0.992024,1.008040128061418,0.996,-16.665190359757165,-16.66175394477434,0.05556178701040127,0.996008,0.023951999999999973,0.0,-16.415190359757165,0.996,1,16,0.1875,1.0,1.0202499204205062,0.0,0.05734175004095581,-16.665190359757165,-16.656982315955634,0.0,0.05968799999999974,0.99,1.0,3.6188489720007055,312010,48
g00_p006_r01,jittered_kagome_n12_seed19,bond_disordered_kagome,12,ruby_proxy,1,2.0,-6.0,3.0,1.5,900,0,300,10.0,1.104500186288899,quantum,500.0,9,0.9972714508302483,0.4538777970703746,0.4524639999999999,2.210120584179073,0.574,-16.665190359757165,-16.292223872096958,0.5432401533842742,0.7027053333333333,1.7837680000000002,0.009544000000000002,-16.415190359757165,0.574,1,16,0.5625,2.0699446151487844,2.3471126057253344,0.43550463813560264,0.5323339943285802,-16.341298544195084,-16.243443416298,1.6481232000000001,1.9226338000000003,0.53195,0.61615,0.6176329179997992,,2868
g00_p006_r01,jittered_kagome_n12_seed19,bond_disordered_kagome,12,ruby_proxy,1,2.0,-6.0,3.0,1.5,900,0,300,10.0,1.104500186288899,uniform_random,500.0,16,2.1901745706787534,0.7899384979498381,0.14504,6.894649751792609,0.22,-16.665190359757165,-15.178682928932872,1.1858425833712498,0.28252000000000005,4.304879999999999,0.210296,-16.415190359757165,0.202,1,16,1.0,6.3066257277335005,7.414559995714887,0.7659575330962582,0.8276434016322042,-15.264032005714368,-15.086676088304548,4.120664199999999,4.4870730000000005,0.16990000000000002,0.23805,0.009377485999721102,0,30036
g00_p006_r01,jittered_kagome_n12_seed19,bond_disordered_kagome,12,ruby_proxy,1,2.0,-6.0,3.0,1.5,900,0,300,10.0,1.104500186288899,simulated_annealing,500.0,8,1.0386432418141838,0.49948181807271985,0.4919840000000001,2.032586425574815,0.668,-16.665190359757165,-16.30993333836576,0.6160018895365702,0.7034013333333333,1.779592,0.036703999999999994,-16.415190359757165,0.668,1,16,0.5,1.844022600212311,2.2639743460332578,0.4618917401660958,0.5699537412842822,-16.363316261948633,-16.24662312795414,1.5706494000000002,2.0253148,0.616,0.71205,4.005227845000263,360000,204
g00_p006_r01,jittered_kagome_n12_seed19,bond_disordered_kagome,12,ruby_proxy,1,2.0,-6.0,3.0,1.5,900,0,300,10.0,1.104500186288899,parallel_tempering,500.0,2,0.014427214862176116,0.020814071335501033,0.996008,1.0040079999357434,0.998,-16.665190359757165,-16.663855145921282,0.029826417783202545,0.998004,0.011975999999999987,0.0,-16.415190359757165,0.998,1,16,0.125,1.0,1.0120719947534187,0.0,0.05291508034484766,-16.665190359757165,-16.66118471824952,0.0,0.035783999999999816,0.994,1.0,3.6643361289989116,312010,48
g00_p007_r00,jittered_kagome_n12_seed19,bond_disordered_kagome,12,ruby_proxy,0,2.0,-6.0,3.0,1.5,900,300,300,10.0,1.104500186288899,quantum,500.0,13,1.6817649278575006,0.6556717866437329,0.260496,3.838830538664701,0.426,-16.665190359757165,-15.856376301448627,0.9222496541338387,0.5016013333333333,2.990392,0.072976,-16.415190359757165,0.426,1,16,0.8125,3.4287240748530285,4.2756311849688355,0.6319185256220071,0.704070974162259,-15.938025647189905,-15.762966291214711,2.7520084000000007,3.1976284000000006,0.3859,0.47,0.7357014129993331,,5100
g00_p007_r00,jittered_kagome_n12_seed19,bond_disordered_kagome,12,ruby_proxy,0,2.0,-6.0,3.0,1.5,900,300,300,10.0,1.104500186288899,uniform_random,500.0,15,2.2144367925088835,0.8177236860703617,0.140264,7.129413106713056,0.224,-16.665190359757165,-15.128507927212594,1.1689086042069148,0.255644,4.4661360000000005,0.236592,-16.415190359757165,0.186,1,16,0.9375,6.452774493407745,7.647762554551013,0.788721010542502,0.8463262017117127,-15.219321035417877,-15.038991031517972,4.2660912,4.6306336,0.15195,0.22610000000000002,0.009854674999587587,0,29316
g00_p007_r00,jittered_kagome_n12_seed19,bond_disordered_kagome,12,ruby_proxy,0,2.0,-6.0,3.0,1.5,900,300,300,10.0,1.104500186288899,simulated_annealing,500.0,9,0.9794842745788928,0.44578250429292005,0.528144,1.8934230058468904,0.7,-16.665190359757165,-16.3247320820265,0.6396831571834852,0.724024,1.655856,0.03804,-16.415190359757165,0.7,1,16,0.5625,1.7336991322858777,2.0730183863723117,0.42110767432198304,0.5301115529761229,-16.377021571402683,-16.268658327639915,1.4260670000000002,1.9079025999999997,0.658,0.74005,4.548021070999312,360000,192
g00_p007_r00,jittered_kagome_n12_seed19,bond_disordered_kagome,12,ruby_proxy,0,2.0,-6.0,3.0,1.5,900,300,300,10.0,1.104500186288899,parallel_tempering,500.0,3,0.02885042170563743,0.026260785541197536,0.992024,1.008040128061418,0.996,-16.665190359757165,-16.66175394477434,0.05556178701040127,0.996008,0.023951999999999973,0.0,-16.415190359757165,0.996,1,16,0.1875,1.0,1.0202499204205062,0.0,0.05734175004095581,-16.665190359757165,-16.656982315955634,0.0,0.05968799999999974,0.99,1.0,3.6188489720007055,312010,48
g00_p007_r01,jittered_kagome_n12_seed19,bond_disordered_kagome,12,ruby_proxy,1,2.0,-6.0,3.0,1.5,900,300,300,10.0,1.104500186288899,quantum,500.0,13,1.68756432184595,0.6579328035997125,0.2554639999999999,3.9144458710424965,0.414,-16.665190359757165,-15.840619723026604,0.9537086181614769,0.4740013333333333,3.1559920000000004,0.10939200000000002,-16.415190359757165,0.414,1,16,0.8125,3.5568188970108294,4.24552572689961,0.6278014044199635,0.7032283469061298,-15.918558746695117,-15.763576372444332,2.9606378,3.3409463999999995,0.37595,0.452,0.7222277289984049,,5064
g00_p007_r01,jittered_kagome_n12_seed19,bond_disordered_kagome,12,ruby_proxy,1,2.0,-6.0,3.0,1.5,900,300,300,10.0,1.104500186288899,uniform_random,500.0,16,2.1901745706787534,0.7899384979498381,0.14504,6.894649751792609,0.22,-16.665190359757165,-15.178682928932872,1.1858425833712498,0.28252000000000005,4.304879999999999,0.210296,-16.415190359757165,0.202,1,16,1.0,6.3066257277335005,7.414559995714887,0.7659575330962582,0.8276434016322042,-15.264032005714368,-15.086676088304548,4.120664199999999,4.4870730000000005,0.16990000000000002,0.23805,0.009377485999721102,0,30036
g00_p007_r01,jittered_kagome_n12_seed19,bond_disordered_kagome,12,ruby_proxy,1,2.0,-6.0,3.0,1.5,900,300,300,10.0,1.104500186288899,simulated_annealing,500.0,8,1.0386432418141838,0.49948181807271985,0.4919840000000001,2.032586425574815,0.668,-16.665190359757165,-16.30993333836576,0.6160018895365702,0.7034013333333333,1.779592,0.036703999999999994,-16.415190359757165,0.668,1,16,0.5,1.844022600212311,2.2639743460332578,0.4618917401660958,0.5699537412842822,-16.363316261948633,-16.24662312795414,1.5706494000000002,2.0253148,0.616,0.71205,4.005227845000263,360000,204
g00_p007_r01,jittered_kagome_n12_seed19,bond_disordered_kagome,12,ruby_proxy,1,2.0,-6.0,3.0,1.5,900,300,300,10.0,1.104500186288899,parallel_tempering,500.0,2,0.014427214862176116,0.020814071335501033,0.996008,1.0040079999357434,0.998,-16.665190359757165,-16.663855145921282,0.029826417783202545,0.998004,0.011975999999999987,0.0,-16.415190359757165,0.998,1,16,0.125,1.0,1.0120719947534187,0.0,0.05291508034484766,-16.665190359757165,-16.66118471824952,0.0,0.035783999999999816,0.994,1.0,3.6643361289989116,312010,48
