run_id,geometry,family,n_atoms,device_profile,replicate,omega_mhz,delta_initial_mhz,delta_target_mhz,delta_over_omega,sweep_ns,hold_ns,fall_ns,sweep_rate_mhz_per_us,blockade_ratio,baseline,jensen_shannon_bits,total_variation,hellinger,support_jaccard,candidate_mass_on_reference_support,reference_mass_on_candidate_support,quantum_samples,quantum_unique_basins,quantum_shannon_entropy_nats,quantum_normalized_entropy,quantum_collision_probability_p_q1,quantum_effective_basin_count,quantum_top_basin_mass,quantum_best_energy_mhz,quantum_mean_energy_mhz,quantum_energy_std_mhz,quantum_mean_replica_overlap,quantum_mean_pairwise_hamming,quantum_negative_overlap_mass,quantum_low_energy_threshold_mhz,quantum_low_energy_mass,quantum_unique_low_energy_basins,quantum_reference_minima,quantum_reference_basin_coverage,baseline_samples,baseline_unique_basins,baseline_shannon_entropy_nats,baseline_normalized_entropy,baseline_collision_probability_p_q1,baseline_effective_basin_count,baseline_top_basin_mass,baseline_best_energy_mhz,baseline_mean_energy_mhz,baseline_energy_std_mhz,baseline_mean_replica_overlap,baseline_mean_pairwise_hamming,baseline_negative_overlap_mass,baseline_low_energy_threshold_mhz,baseline_low_energy_mass,baseline_unique_low_energy_basins,baseline_reference_minima,baseline_reference_basin_coverage
g00_p000_r00,kagome_n9,clean_kagome,9,ruby_proxy,0,2.0,-6.0,3.0,1.5,300,0,300,30.0,1.2805351750774867,uniform_random,0.043109221763503736,0.18666666666666665,0.17407035320309383,1.0,1.0,1.0,300.0,9,1.9520750428486209,0.8884276386600395,0.17151111111111111,5.8305260430163255,0.30666666666666664,-13.006005166386513,-11.833229541238264,0.7844123778689434,0.30748641975308644,3.116311111111111,0.19355555555555554,-12.756005166386513,0.30666666666666664,1,9,1.0,300.0,9,2.0840991126099366,0.9485143822378733,0.13404444444444444,7.460212201591513,0.17666666666666667,-13.006005166386513,-11.518413470970433,0.5565668419009141,0.23778765432098767,3.4299555555555554,0.22673333333333331,-12.756005166386513,0.12,1,9,1.0
g00_p000_r00,kagome_n9,clean_kagome,9,ruby_proxy,0,2.0,-6.0,3.0,1.5,300,0,300,30.0,1.2805351750774867,simulated_annealing,0.04256163414929928,0.2066666666666667,0.17271127287184862,1.0,1.0,1.0,300.0,9,1.9520750428486209,0.8884276386600395,0.17151111111111111,5.8305260430163255,0.30666666666666664,-13.006005166386513,-11.833229541238264,0.7844123778689434,0.30748641975308644,3.116311111111111,0.19355555555555554,-12.756005166386513,0.30666666666666664,1,9,1.0,300.0,9,1.9736023919756893,0.8982251574704139,0.18357777777777778,5.447282411330347,0.36333333333333334,-13.006005166386513,-11.888924781785976,0.8517521042696627,0.25437530864197533,3.355311111111111,0.3532222222222222,-12.756005166386513,0.36333333333333334,1,9,1.0
g00_p000_r01,kagome_n9,clean_kagome,9,ruby_proxy,1,2.0,-6.0,3.0,1.5,300,0,300,30.0,1.2805351750774867,uniform_random,0.08151233460969434,0.2733333333333333,0.24085953535891508,1.0,1.0,1.0,300.0,9,1.8714856278782992,0.8517498152815921,0.19835555555555556,5.04145193815819,0.36333333333333334,-13.006005166386513,-11.933329822243834,0.8134893642893836,0.3379308641975308,2.9793111111111115,0.18399999999999997,-12.756005166386513,0.36333333333333334,1,9,1.0,300.0,9,2.0156683727589835,0.9173702103781564,0.1455111111111111,6.872327428222359,0.19,-13.006005166386513,-11.491849255757685,0.5000370336442559,0.24808395061728394,3.3836222222222223,0.20097777777777778,-12.756005166386513,0.09666666666666666,1,9,1.0
g00_p000_r01,kagome_n9,clean_kagome,9,ruby_proxy,1,2.0,-6.0,3.0,1.5,300,0,300,30.0,1.2805351750774867,simulated_annealing,0.048485852669910026,0.19000000000000003,0.18606755894599603,1.0,1.0,1.0,300.0,9,1.8714856278782992,0.8517498152815921,0.19835555555555556,5.04145193815819,0.36333333333333334,-13.006005166386513,-11.933329822243834,0.8134893642893836,0.3379308641975308,2.9793111111111115,0.18399999999999997,-12.756005166386513,0.36333333333333334,1,9,1.0,300.0,9,2.0471568915088296,0.9317012528553987,0.15533333333333332,6.437768240343348,0.30333333333333334,-13.006005166386513,-11.789671675079886,0.8110230350239481,0.2292395061728395,3.4684222222222223,0.35142222222222225,-12.756005166386513,0.30333333333333334,1,9,1.0
g00_p001_r00,kagome_n9,clean_kagome,9,ruby_proxy,0,2.0,-6.0,3.0,1.5,300,200,300,30.0,1.2805351750774867,uniform_random,0.2552453782303032,0.55,0.4300654304385142,1.0,1.0,1.0,300.0,9,1.2737751575705345,0.5797200571617406,0.466088888888889,2.145513492895966,0.67,-13.006005166386513,-12.447831962656203,0.7972120734765754,0.5633037037037038,1.9651333333333332,0.15524444444444443,-12.756005166386513,0.67,1,9,1.0,300.0,9,2.0840991126099366,0.9485143822378733,0.13404444444444444,7.460212201591513,0.17666666666666667,-13.006005166386513,-11.518413470970433,0.5565668419009141,0.23778765432098767,3.4299555555555554,0.22673333333333331,-12.756005166386513,0.12,1,9,1.0
g00_p001_r00,kagome_n9,clean_kagome,9,ruby_proxy,0,2.0,-6.0,3.0,1.5,300,200,300,30.0,1.2805351750774867,simulated_annealing,0.09530195517040224,0.30666666666666664,0.26198037333346563,1.0,1.0,1.0,300.0,9,1.2737751575705345,0.5797200571617406,0.466088888888889,2.145513492895966,0.67,-13.006005166386513,-12.447831962656203,0.7972120734765754,0.5633037037037038,1.9651333333333332,0.15524444444444443,-12.756005166386513,0.67,1,9,1.0,300.0,9,1.9736023919756893,0.8982251574704139,0.18357777777777778,5.447282411330347,0.36333333333333334,-13.006005166386513,-11.888924781785976,0.8517521042696627,0.25437530864197533,3.355311111111111,0.3532222222222222,-12.756005166386513,0.36333333333333334,1,9,1.0
g00_p001_r01,kagome_n9,clean_kagome,9,ruby_proxy,1,2.0,-6.0,3.0,1.5,300,200,300,30.0,1.2805351750774867,uniform_random,0.24126313886151593,0.53,0.41847258785029223,1.0,1.0,1.0,300.0,9,1.4520296397416437,0.6608471681588395,0.39364444444444446,2.5403635542508747,0.61,-13.006005166386513,-12.33855067067729,0.8380252151078964,0.49288395061728396,2.2820222222222224,0.19619999999999999,-12.756005166386513,0.61,1,9,1.0,300.0,9,2.0156683727589835,0.9173702103781564,0.1455111111111111,6.872327428222359,0.19,-13.006005166386513,-11.491849255757685,0.5000370336442559,0.24808395061728394,3.3836222222222223,0.20097777777777778,-12.756005166386513,0.09666666666666666,1,9,1.0
g00_p001_r01,kagome_n9,clean_kagome,9,ruby_proxy,1,2.0,-6.0,3.0,1.5,300,200,300,30.0,1.2805351750774867,simulated_annealing,0.08757919737830748,0.30666666666666664,0.24932886384970823,1.0,1.0,1.0,300.0,9,1.4520296397416437,0.6608471681588395,0.39364444444444446,2.5403635542508747,0.61,-13.006005166386513,-12.33855067067729,0.8380252151078964,0.49288395061728396,2.2820222222222224,0.19619999999999999,-12.756005166386513,0.61,1,9,1.0,300.0,9,2.0471568915088296,0.9317012528553987,0.15533333333333332,6.437768240343348,0.30333333333333334,-13.006005166386513,-11.789671675079886,0.8110230350239481,0.2292395061728395,3.4684222222222223,0.35142222222222225,-12.756005166386513,0.30333333333333334,1,9,1.0
g00_p002_r00,kagome_n9,clean_kagome,9,ruby_proxy,0,2.0,-6.0,3.0,1.5,900,0,300,10.0,1.2805351750774867,uniform_random,0.39903564229301575,0.7,0.542515552516601,1.0,1.0,1.0,300.0,9,0.8129081965887999,0.3699704640908031,0.6778222222222221,1.47531309422333,0.82,-13.006005166386513,-12.70192015138625,0.6503179877058937,0.7469925925925925,1.1385333333333336,0.07771111111111112,-12.756005166386513,0.82,1,9,1.0,300.0,9,2.0840991126099366,0.9485143822378733,0.13404444444444444,7.460212201591513,0.17666666666666667,-13.006005166386513,-11.518413470970433,0.5565668419009141,0.23778765432098767,3.4299555555555554,0.22673333333333331,-12.756005166386513,0.12,1,9,1.0
g00_p002_r00,kagome_n9,clean_kagome,9,ruby_proxy,0,2.0,-6.0,3.0,1.5,900,0,300,10.0,1.2805351750774867,simulated_annealing,0.1821589317107665,0.45666666666666667,0.36445169014007994,1.0,1.0,1.0,300.0,9,0.8129081965887999,0.3699704640908031,0.6778222222222221,1.47531309422333,0.82,-13.006005166386513,-12.70192015138625,0.6503179877058937,0.7469925925925925,1.1385333333333336,0.07771111111111112,-12.756005166386513,0.82,1,9,1.0,300.0,9,1.9736023919756893,0.8982251574704139,0.18357777777777778,5.447282411330347,0.36333333333333334,-13.006005166386513,-11.888924781785976,0.8517521042696627,0.25437530864197533,3.355311111111111,0.3532222222222222,-12.756005166386513,0.36333333333333334,1,9,1.0
g00_p002_r01,kagome_n9,clean_kagome,9,ruby_proxy,1,2.0,-6.0,3.0,1.5,900,0,300,10.0,1.2805351750774867,uniform_random,0.431208732598781,0.72,0.5665720354972495,1.0,1.0,1.0,300.0,9,0.8266094340854699,0.3762061660022029,0.6726444444444445,1.4866695298820574,0.8166666666666667,-13.006005166386513,-12.694973200031965,0.6579389490569553,0.7359358024691358,1.1882888888888887,0.09506666666666666,-12.756005166386513,0.8166666666666667,1,9,1.0,300.0,9,2.0156683727589835,0.9173702103781564,0.1455111111111111,6.872327428222359,0.19,-13.006005166386513,-11.491849255757685,0.5000370336442559,0.24808395061728394,3.3836222222222223,0.20097777777777778,-12.756005166386513,0.09666666666666666,1,9,1.0
g00_p002_r01,kagome_n9,clean_kagome,9,ruby_proxy,1,2.0,-6.0,3.0,1.5,900,0,300,10.0,1.2805351750774867,simulated_annealing,0.21977928280876347,0.5133333333333333,0.3996773003860847,1.0,1.0,1.0,300.0,9,0.8266094340854699,0.3762061660022029,0.6726444444444445,1.4866695298820574,0.8166666666666667,-13.006005166386513,-12.694973200031965,0.6579389490569553,0.7359358024691358,1.1882888888888887,0.09506666666666666,-12.756005166386513,0.8166666666666667,1,9,1.0,300.0,9,2.0471568915088296,0.9317012528553987,0.15533333333333332,6.437768240343348,0.30333333333333334,-13.006005166386513,-11.789671675079886,0.8110230350239481,0.2292395061728395,3.4684222222222223,0.35142222222222225,-12.756005166386513,0.30333333333333334,1,9,1.0
g00_p003_r00,kagome_n9,clean_kagome,9,ruby_proxy,0,2.0,-6.0,3.0,1.5,900,200,300,10.0,1.2805351750774867,uniform_random,0.45409579341815265,0.73,0.5830111040746756,1.0,1.0,1.0,300.0,9,0.7265628167987775,0.33067298822936786,0.7256222222222223,1.37812758398922,0.85,-13.006005166386513,-12.741072997510436,0.6333009198007863,0.7511851851851852,1.1196666666666668,0.1428888888888889,-12.756005166386513,0.85,1,9,1.0,300.0,9,2.0840991126099366,0.9485143822378733,0.13404444444444444,7.460212201591513,0.17666666666666667,-13.006005166386513,-11.518413470970433,0.5565668419009141,0.23778765432098767,3.4299555555555554,0.22673333333333331,-12.756005166386513,0.12,1,9,1.0
g00_p003_r00,kagome_n9,clean_kagome,9,ruby_proxy,0,2.0,-6.0,3.0,1.5,900,200,300,10.0,1.2805351750774867,simulated_annealing,0.19573113811071052,0.4866666666666667,0.37552381410451036,1.0,1.0,1.0,300.0,9,0.7265628167987775,0.33067298822936786,0.7256222222222223,1.37812758398922,0.85,-13.006005166386513,-12.741072997510436,0.6333009198007863,0.7511851851851852,1.1196666666666668,0.1428888888888889,-12.756005166386513,0.85,1,9,1.0,300.0,9,1.9736023919756893,0.8982251574704139,0.18357777777777778,5.447282411330347,0.36333333333333334,-13.006005166386513,-11.888924781785976,0.8517521042696627,0.25437530864197533,3.355311111111111,0.3532222222222222,-12.756005166386513,0.36333333333333334,1,9,1.0
g00_p003_r01,kagome_n9,clean_kagome,9,ruby_proxy,1,2.0,-6.0,3.0,1.5,900,200,300,10.0,1.2805351750774867,uniform_random,0.4406295661831236,0.7133333333333334,0.5745306670714538,1.0,1.0,1.0,300.0,9,0.8920375960214696,0.4059838057623228,0.6507777777777779,1.5366228444596206,0.8033333333333333,-13.006005166386513,-12.664788176021128,0.6919838203295652,0.6834024691358025,1.424688888888889,0.1786,-12.756005166386513,0.8033333333333333,1,9,1.0,300.0,9,2.0156683727589835,0.9173702103781564,0.1455111111111111,6.872327428222359,0.19,-13.006005166386513,-11.491849255757685,0.5000370336442559,0.24808395061728394,3.3836222222222223,0.20097777777777778,-12.756005166386513,0.09666666666666666,1,9,1.0
g00_p003_r01,kagome_n9,clean_kagome,9,ruby_proxy,1,2.0,-6.0,3.0,1.5,900,200,300,10.0,1.2805351750774867,simulated_annealing,0.20589556944252052,0.5,0.3855646349404143,1.0,1.0,1.0,300.0,9,0.8920375960214696,0.4059838057623228,0.6507777777777779,1.5366228444596206,0.8033333333333333,-13.006005166386513,-12.664788176021128,0.6919838203295652,0.6834024691358025,1.424688888888889,0.1786,-12.756005166386513,0.8033333333333333,1,9,1.0,300.0,9,2.0471568915088296,0.9317012528553987,0.15533333333333332,6.437768240343348,0.30333333333333334,-13.006005166386513,-11.789671675079886,0.8110230350239481,0.2292395061728395,3.4684222222222223,0.35142222222222225,-12.756005166386513,0.30333333333333334,1,9,1.0
g00_p004_r00,kagome_n9,clean_kagome,9,ruby_proxy,0,2.0,-6.0,6.0,3.0,300,0,300,40.0,1.2805351750774867,uniform_random,0.02991029769336309,0.16666666666666666,0.1445834448861146,1.0,1.0,1.0,300.0,9,1.9572594277192128,0.8907871538976112,0.16755555555555557,5.968169761273209,0.29,-28.006005166386508,-24.674920811400654,2.130608478142767,0.30419259259259257,3.1311333333333335,0.1876888888888889,-27.756005166386508,0.29,1,9,1.0,300.0,9,2.0344038105230666,0.9258970755686036,0.14622222222222223,6.838905775075988,0.22,-28.006005166386508,-23.97085770568356,1.6308089711991531,0.2625382716049383,3.3185777777777776,0.19202222222222226,-27.756005166386508,0.14,1,9,1.0
g00_p004_r00,kagome_n9,clean_kagome,9,ruby_proxy,0,2.0,-6.0,6.0,3.0,300,0,300,40.0,1.2805351750774867,simulated_annealing,0.07125608544179958,0.29333333333333333,0.22374825426627062,1.0,1.0,1.0,300.0,9,1.9572594277192128,0.8907871538976112,0.16755555555555557,5.968169761273209,0.29,-28.006005166386508,-24.674920811400654,2.130608478142767,0.30419259259259257,3.1311333333333335,0.1876888888888889,-27.756005166386508,0.29,1,9,1.0,300.0,9,1.7439525334939368,0.7937070026807173,0.27182222222222224,3.6788750817527793,0.4866666666666667,-28.006005166386508,-25.57345536325024,2.370449962848797,0.33796543209876545,2.9791555555555553,0.3323111111111111,-27.756005166386508,0.4866666666666667,1,9,1.0
g00_p004_r01,kagome_n9,clean_kagome,9,ruby_proxy,1,2.0,-6.0,6.0,3.0,300,0,300,40.0,1.2805351750774867,uniform_random,0.05668258905304428,0.22333333333333333,0.20023380618283237,1.0,1.0,1.0,300.0,9,1.9791628668387384,0.9007558386399237,0.15964444444444445,6.26391982182628,0.2633333333333333,-28.006005166386508,-24.554381148027158,2.0651559433328233,0.2935654320987654,3.1789555555555555,0.19026666666666667,-27.756005166386508,0.2633333333333333,1,9,1.0,300.0,9,1.9789389192533364,0.9006539157014531,0.1560666666666667,6.40751815463477,0.22,-28.006005166386508,-23.69751606597441,1.2733387232616815,0.27034074074074077,3.2834666666666665,0.1696888888888889,-27.756005166386508,0.08,1,9,1.0
g00_p004_r01,kagome_n9,clean_kagome,9,ruby_proxy,1,2.0,-6.0,6.0,3.0,300,0,300,40.0,1.2805351750774867,simulated_annealing,0.08343046709302877,0.31333333333333335,0.24240916770064141,1.0,1.0,1.0,300.0,9,1.9791628668387384,0.9007558386399237,0.15964444444444445,6.26391982182628,0.2633333333333333,-28.006005166386508,-24.554381148027158,2.0651559433328233,0.2935654320987654,3.1789555555555555,0.19026666666666667,-27.756005166386508,0.2633333333333333,1,9,1.0,300.0,9,1.781612358260898,0.8108467275661079,0.2576222222222222,3.881652721469853,0.47,-28.006005166386508,-25.487490583720554,2.373921282393759,0.3205679012345679,3.057444444444444,0.34515555555555555,-27.756005166386508,0.47,1,9,1.0
g00_p005_r00,kagome_n9,clean_kagome,9,ruby_proxy,0,2.0,-6.0,6.0,3.0,300,200,300,40.0,1.2805351750774867,uniform_random,0.1291130713206177,0.37,0.3029032733351433,1.0,1.0,1.0,300.0,9,1.611728640143271,0.7335293154681677,0.2915111111111111,3.4304009757585,0.49333333333333335,-28.006005166386508,-25.636630449020107,2.3386708517330046,0.44199506172839503,2.5110222222222225,0.12340000000000001,-27.756005166386508,0.49333333333333335,1,9,1.0,300.0,9,2.0344038105230666,0.9258970755686036,0.14622222222222223,6.838905775075988,0.22,-28.006005166386508,-23.97085770568356,1.6308089711991531,0.2625382716049383,3.3185777777777776,0.19202222222222226,-27.756005166386508,0.14,1,9,1.0
g00_p005_r00,kagome_n9,clean_kagome,9,ruby_proxy,0,2.0,-6.0,6.0,3.0,300,200,300,40.0,1.2805351750774867,simulated_annealing,0.05824470942409026,0.1733333333333333,0.2044735274399635,1.0,1.0,1.0,300.0,9,1.611728640143271,0.7335293154681677,0.2915111111111111,3.4304009757585,0.49333333333333335,-28.006005166386508,-25.636630449020107,2.3386708517330046,0.44199506172839503,2.5110222222222225,0.12340000000000001,-27.756005166386508,0.49333333333333335,1,9,1.0,300.0,9,1.7439525334939368,0.7937070026807173,0.27182222222222224,3.6788750817527793,0.4866666666666667,-28.006005166386508,-25.57345536325024,2.370449962848797,0.33796543209876545,2.9791555555555553,0.3323111111111111,-27.756005166386508,0.4866666666666667,1,9,1.0
g00_p005_r01,kagome_n9,clean_kagome,9,ruby_proxy,1,2.0,-6.0,6.0,3.0,300,200,300,40.0,1.2805351750774867,uniform_random,0.18177875143042915,0.41333333333333333,0.36380073729209983,1.0,1.0,1.0,300.0,9,1.6233956314060924,0.738839192020234,0.2818,3.5486160397444997,0.48,-28.006005166386508,-25.5693822865528,2.3421101963829796,0.4382913580246913,2.527688888888889,0.10931111111111111,-27.756005166386508,0.48,1,9,1.0,300.0,9,1.9789389192533364,0.9006539157014531,0.1560666666666667,6.40751815463477,0.22,-28.006005166386508,-23.69751606597441,1.2733387232616815,0.27034074074074077,3.2834666666666665,0.1696888888888889,-27.756005166386508,0.08,1,9,1.0
g00_p005_r01,kagome_n9,clean_kagome,9,ruby_proxy,1,2.0,-6.0,6.0,3.0,300,200,300,40.0,1.2805351750774867,simulated_annealing,0.068542166232922,0.19666666666666666,0.22193999193514083,1.0,1.0,1.0,300.0,9,1.6233956314060924,0.738839192020234,0.2818,3.5486160397444997,0.48,-28.006005166386508,-25.5693822865528,2.3421101963829796,0.4382913580246913,2.527688888888889,0.10931111111111111,-27.756005166386508,0.48,1,9,1.0,300.0,9,1.781612358260898,0.8108467275661079,0.2576222222222222,3.881652721469853,0.47,-28.006005166386508,-25.487490583720554,2.373921282393759,0.3205679012345679,3.057444444444444,0.34515555555555555,-27.756005166386508,0.47,1,9,1.0
g00_p006_r00,kagome_n9,clean_kagome,9,ruby_proxy,0,2.0,-6.0,6.0,3.0,900,0,300,13.333333333333332,1.2805351750774867,uniform_random,0.2358682020019557,0.5333333333333332,0.4122891329520249,1.0,1.0,1.0,300.0,9,1.2191240060036383,0.5548472461934818,0.47344444444444445,2.112180239380427,0.6733333333333333,-28.006005166386508,-26.476573662731532,2.196423217324277,0.5993382716049382,1.802977777777778,0.08166666666666668,-27.756005166386508,0.6733333333333333,1,9,1.0,300.0,9,2.0344038105230666,0.9258970755686036,0.14622222222222223,6.838905775075988,0.22,-28.006005166386508,-23.97085770568356,1.6308089711991531,0.2625382716049383,3.3185777777777776,0.19202222222222226,-27.756005166386508,0.14,1,9,1.0
g00_p006_r00,kagome_n9,clean_kagome,9,ruby_proxy,0,2.0,-6.0,6.0,3.0,900,0,300,13.333333333333332,1.2805351750774867,simulated_annealing,0.07413671643223085,0.22666666666666666,0.23355715174627764,1.0,1.0,1.0,300.0,9,1.2191240060036383,0.5548472461934818,0.47344444444444445,2.112180239380427,0.6733333333333333,-28.006005166386508,-26.476573662731532,2.196423217324277,0.5993382716049382,1.802977777777778,0.08166666666666668,-27.756005166386508,0.6733333333333333,1,9,1.0,300.0,9,1.7439525334939368,0.7937070026807173,0.27182222222222224,3.6788750817527793,0.4866666666666667,-28.006005166386508,-25.57345536325024,2.370449962848797,0.33796543209876545,2.9791555555555553,0.3323111111111111,-27.756005166386508,0.4866666666666667,1,9,1.0
g00_p006_r01,kagome_n9,clean_kagome,9,ruby_proxy,1,2.0,-6.0,6.0,3.0,900,0,300,13.333333333333332,1.2805351750774867,uniform_random,0.3493168876071167,0.64,0.5083650951723907,1.0,1.0,1.0,300.0,9,1.1089330458137894,0.5046971790012434,0.5324444444444445,1.8781302170283805,0.72,-28.006005166386508,-26.695531854737915,2.101927050957259,0.6415703703703703,1.6129333333333333,0.08397777777777779,-27.756005166386508,0.72,1,9,1.0,300.0,9,1.9789389192533364,0.9006539157014531,0.1560666666666667,6.40751815463477,0.22,-28.006005166386508,-23.69751606597441,1.2733387232616815,0.27034074074074077,3.2834666666666665,0.1696888888888889,-27.756005166386508,0.08,1,9,1.0
g00_p006_r01,kagome_n9,clean_kagome,9,ruby_proxy,1,2.0,-6.0,6.0,3.0,900,0,300,13.333333333333332,1.2805351750774867,simulated_annealing,0.08309767209619406,0.2566666666666667,0.2454393353233341,1.0,1.0,1.0,300.0,9,1.1089330458137894,0.5046971790012434,0.5324444444444445,1.8781302170283805,0.72,-28.006005166386508,-26.695531854737915,2.101927050957259,0.6415703703703703,1.6129333333333333,0.08397777777777779,-27.756005166386508,0.72,1,9,1.0,300.0,9,1.781612358260898,0.8108467275661079,0.2576222222222222,3.881652721469853,0.47,-28.006005166386508,-25.487490583720554,2.373921282393759,0.3205679012345679,3.057444444444444,0.34515555555555555,-27.756005166386508,0.47,1,9,1.0
g00_p007_r00,kagome_n9,clean_kagome,9,ruby_proxy,0,2.0,-6.0,6.0,3.0,900,200,300,13.333333333333332,1.2805351750774867,uniform_random,0.20684709294651327,0.5,0.38523401113597056,1.0,1.0,1.0,300.0,9,1.3559909673192558,0.6171380847028283,0.4297111111111111,2.3271448518384443,0.64,-28.006005166386508,-26.31162243445272,2.2602794656446137,0.5388543209876544,2.075155555555555,0.15102222222222222,-27.756005166386508,0.64,1,9,1.0,300.0,9,2.0344038105230666,0.9258970755686036,0.14622222222222223,6.838905775075988,0.22,-28.006005166386508,-23.97085770568356,1.6308089711991531,0.2625382716049383,3.3185777777777776,0.19202222222222226,-27.756005166386508,0.14,1,9,1.0
g00_p007_r00,kagome_n9,clean_kagome,9,ruby_proxy,0,2.0,-6.0,6.0,3.0,900,200,300,13.333333333333332,1.2805351750774867,simulated_annealing,0.04032930146092198,0.18,0.16916136978802304,1.0,1.0,1.0,300.0,9,1.3559909673192558,0.6171380847028283,0.4297111111111111,2.3271448518384443,0.64,-28.006005166386508,-26.31162243445272,2.2602794656446137,0.5388543209876544,2.075155555555555,0.15102222222222222,-27.756005166386508,0.64,1,9,1.0,300.0,9,1.7439525334939368,0.7937070026807173,0.27182222222222224,3.6788750817527793,0.4866666666666667,-28.006005166386508,-25.57345536325024,2.370449962848797,0.33796543209876545,2.9791555555555553,0.3323111111111111,-27.756005166386508,0.4866666666666667,1,9,1.0
g00_p007_r01,kagome_n9,clean_kagome,9,ruby_proxy,1,2.0,-6.0,6.0,3.0,900,200,300,13.333333333333332,1.2805351750774867,uniform_random,0.3385710844071132,0.6233333333333333,0.5000246660042564,1.0,1.0,1.0,300.0,9,1.1977648686720657,0.5451262838704282,0.5044222222222221,1.9824661879377952,0.7,-28.006005166386508,-26.59466594148541,2.156729250837655,0.5927703703703704,1.8325333333333331,0.1521777777777778,-27.756005166386508,0.7,1,9,1.0,300.0,9,1.9789389192533364,0.9006539157014531,0.1560666666666667,6.40751815463477,0.22,-28.006005166386508,-23.69751606597441,1.2733387232616815,0.27034074074074077,3.2834666666666665,0.1696888888888889,-27.756005166386508,0.08,1,9,1.0
g00_p007_r01,kagome_n9,clean_kagome,9,ruby_proxy,1,2.0,-6.0,6.0,3.0,900,200,300,13.333333333333332,1.2805351750774867,simulated_annealing,0.06069995468862798,0.2533333333333333,0.2073412812157409,1.0,1.0,1.0,300.0,9,1.1977648686720657,0.5451262838704282,0.5044222222222221,1.9824661879377952,0.7,-28.006005166386508,-26.59466594148541,2.156729250837655,0.5927703703703704,1.8325333333333331,0.1521777777777778,-27.756005166386508,0.7,1,9,1.0,300.0,9,1.781612358260898,0.8108467275661079,0.2576222222222222,3.881652721469853,0.47,-28.006005166386508,-25.487490583720554,2.373921282393759,0.3205679012345679,3.057444444444444,0.34515555555555555,-27.756005166386508,0.47,1,9,1.0
